{"train": [3.0316260077736596, 2.535216367605961, 2.4968149228529497, 2.424739866545706, 2.396988290728945, 2.3810023755738228, 2.3634555845549614, 2.333262963728471, 2.323182387785478, 2.3034263090653853], "val": [3.275823378562927, 2.972606062889099, 2.922559213638306, 2.9513949155807495, 2.935869073867798, 2.9545065641403196, 2.933783435821533, 2.936710000038147, 2.9260326385498048, 2.9418851375579833]}