{"train": [1.705207562782765, 1.3111382957648854, 1.2556400428287886, 1.220543044743808], "val": [1.7864924351251759, 1.836945199286285, 1.8936253584800726, 1.9457770841527922]}